	ID	building type	latitudes	longitudes
0	relation/1799692	yes	43.0697982	-89.4114874
1	relation/2071317	university	43.0708731	-89.4065944
2	relation/2075103	university	43.0735612	-89.4003708
3	relation/2649615	school	43.069134	-89.4265374
4	relation/3979952	university	43.0744091	-89.4254336
5	relation/8067560	apartments	43.0687464	-89.4143872
6	relation/12287334	yes	43.0757265	-89.4346436
7	way/28767743	yes	43.0737269	-89.3972958
8	way/37225867	university	43.0768548	-89.4005144
9	way/37256547	university	43.0764111	-89.4262417
10	way/37256548	apartments	43.0725154	-89.4223482
11	way/37256550	yes	43.0731696	-89.4176629
12	way/37256551	yes	43.0732796	-89.4167334
13	way/37257115	university	43.0716957	-89.4088338
14	way/37516017	university	43.0749847	-89.4147438
15	way/37516020	university	43.0754976	-89.4142826
16	way/37516021	yes	43.076302	-89.4137753
17	way/37516023	university	43.0743887	-89.4123124
18	way/37550631	dormitory	43.0781679	-89.4157668
19	way/37550632	dormitory	43.0777162	-89.4151414
20	way/37550804	university	43.0762135	-89.4160881
21	way/37550805	university	43.0762551	-89.4155563
22	way/37550807	university	43.0758177	-89.4152712
23	way/37550815	university	43.076313	-89.4130881
24	way/37691885	university	43.0756555	-89.4182458
25	way/37691887	university	43.0761629	-89.4177546
26	way/37691896	university	43.0761822	-89.4221006
27	way/37722267	university	43.0758038	-89.4163748
28	way/37723611	university	43.0757069	-89.4009736
29	way/37723613	university	43.0757901	-89.4016999
30	way/37727228	university	43.075281	-89.4068564
31	way/37748614	yes	43.0761188	-89.4245922
32	way/37749296	university	43.0764467	-89.4051607
33	way/37749299	university	43.0770522	-89.4023033
34	way/37749302	university	43.0771286	-89.4027699
35	way/37751417	university	43.0761139	-89.4091027
36	way/37751511	dormitory	43.0767375	-89.4073027
37	way/37751913	university	43.0755419	-89.4030386
38	way/37751914	university	43.07554	-89.4026282
39	way/37804098	university	43.0765493	-89.3982059
40	way/37804099	university	43.0756758	-89.3996525
41	way/37862319	dormitory	43.0783077	-89.4155742
42	way/37862320	dormitory	43.0779841	-89.4154622
43	way/37862321	dormitory	43.0779224	-89.4161024
44	way/37862322	dormitory	43.0788082	-89.4180505
45	way/37862323	university	43.0790802	-89.4187424
46	way/37902549	dormitory	43.0780684	-89.4149058
47	way/37965202	yes	43.077101	-89.4130347
48	way/37965212	dormitory	43.0769694	-89.4120503
49	way/37965574	university	43.0759643	-89.3978526
50	way/37966230	university	43.0755563	-89.4039759
51	way/37970663	dormitory	43.0774002	-89.415401
52	way/37970664	dormitory	43.0780424	-89.4132402
53	way/37970665	dormitory	43.0784848	-89.4129426
54	way/37970666	dormitory	43.0782167	-89.4130301
55	way/38019750	university	43.0752867	-89.418283
56	way/38019751	yes	43.0753408	-89.4211527
57	way/38060693	dormitory	43.0776592	-89.4130315
58	way/38060694	dormitory	43.077775	-89.4131195
59	way/38060695	dormitory	43.0780663	-89.41382
60	way/38064535	yes	43.0800499	-89.4310147
61	way/38064536	yes	43.0793055	-89.4284792
62	way/38226215	dormitory	43.0779865	-89.4142756
63	way/38263360	university	43.0748283	-89.4164478
64	way/38311314	university	43.0741878	-89.4214651
65	way/38311318	university	43.0753615	-89.4223266
66	way/38311319	university	43.0754029	-89.4229191
67	way/38311386	yes	43.0742277	-89.4239186
68	way/38311387	yes	43.0750139	-89.4247112
69	way/38311389	yes	43.0751051	-89.4225421
70	way/38311390	yes	43.074911	-89.4223005
71	way/38311391	yes	43.0746836	-89.4225976
72	way/38342300	yes	43.0735258	-89.427788
73	way/38342302	yes	43.0742313	-89.4283596
74	way/38342304	yes	43.073876	-89.426945
75	way/38342306	yes	43.0743066	-89.4264999
76	way/38342307	yes	43.0740856	-89.426559
77	way/38342308	yes	43.0754778	-89.4261519
78	way/38342311	yes	43.0753011	-89.4274171
79	way/38342312	yes	43.0759484	-89.427407
80	way/38342360	yes	43.0766896	-89.4285076
81	way/38342361	yes	43.0756495	-89.427521
82	way/38855393	university	43.0748388	-89.4020617
83	way/38855394	university	43.0745232	-89.4032037
84	way/38855396	university	43.0749497	-89.4047458
85	way/38855397	university	43.075241	-89.4051356
86	way/38855398	university	43.0758218	-89.4077631
87	way/38855410	university	43.0744932	-89.4072776
88	way/38855411	university	43.074696	-89.4070026
89	way/38855412	university	43.0749062	-89.4079348
90	way/38855842	university	43.074572	-89.4087204
91	way/38855843	university	43.0749856	-89.4100179
92	way/38855860	university	43.0757535	-89.4125116
93	way/38856035	university	43.0749615	-89.412962
94	way/38856040	university	43.0749822	-89.4116718
95	way/38856041	university	43.0749822	-89.4116718
96	way/38856044	university	43.0749799	-89.4109686
97	way/38856046	university	43.0749914	-89.410559
98	way/38953056	university	43.0760608	-89.4116856
99	way/38953057	university	43.0761133	-89.4113954
100	way/38953058	university	43.0764042	-89.4116884
101	way/38953059	university	43.0766086	-89.4115148
102	way/38953060	university	43.0764259	-89.4110729
103	way/38953095	university	43.0762878	-89.4077227
104	way/38953112	yes	43.0773016	-89.4113154
105	way/39015616	university	43.0745277	-89.4086583
106	way/39015618	university	43.0744836	-89.4094451
107	way/39015620	university	43.0737569	-89.4097774
108	way/39015623	university	43.0743468	-89.406479
109	way/39015624	university	43.0740633	-89.4081319
110	way/39015632	university	43.0742006	-89.4077625
111	way/39201158	university	43.0748994	-89.4059535
112	way/39201159	university	43.0742812	-89.4057447
113	way/39201161	university	43.0738007	-89.4034796
114	way/39201162	dormitory	43.0738928	-89.4023765
115	way/39201163	university	43.0746978	-89.4016545
116	way/39201164	dormitory	43.0740637	-89.4010822
117	way/39201168	university	43.074949	-89.4031656
118	way/56997833	yes	43.0721499	-89.4127248
119	way/56997834	university	43.0723871	-89.4093564
120	way/56997835	university	43.0725127	-89.4120207
121	way/56997836	university	43.0730739	-89.4137381
122	way/56997837	university	43.0724766	-89.4117186
123	way/56997838	university	43.072121	-89.4112652
124	way/58675200	yes	43.0710232	-89.4119329
125	way/58675201	yes	43.0705803	-89.4105189
126	way/60320800	university	43.0731482	-89.4116766
127	way/101606146	university	43.0750547	-89.3984754
128	way/101606148	commercial	43.0748208	-89.3981617
129	way/101606150	university	43.0743715	-89.3980801
130	way/101606158	university	43.073668	-89.399659
131	way/102201656	dormitory	43.0707137	-89.4017693
132	way/102201663	apartments	43.0708318	-89.4030592
133	way/102234778	office	43.0685832	-89.399981
134	way/102234786	commercial	43.0681014	-89.4007039
135	way/102239119	dormitory	43.0685727	-89.4002952
136	way/102376944	apartments	43.0736803	-89.3973119
137	way/102377604	apartments	43.0748176	-89.39726
138	way/102738524	apartments	43.070409	-89.4087194
139	way/102738525	apartments	43.0704335	-89.4085817
140	way/102738526	yes	43.0705078	-89.408037
141	way/102738528	apartments	43.0704194	-89.4087626
142	way/102738529	apartments	43.0706172	-89.4088655
143	way/102738531	apartments	43.0703057	-89.4088011
144	way/102738532	apartments	43.0707547	-89.4088212
145	way/102738533	apartments	43.0707472	-89.4080367
146	way/102738534	apartments	43.0706136	-89.4082428
147	way/102873969	yes	43.0750954	-89.4356575
148	way/102878290	yes	43.0701918	-89.4079127
149	way/102878291	yes	43.0697563	-89.4077439
150	way/102878292	yes	43.0697685	-89.4080453
151	way/102878294	apartments	43.0704193	-89.4083075
152	way/102878297	yes	43.0701836	-89.4081542
153	way/102878298	apartments	43.0699889	-89.4084602
154	way/102878299	apartments	43.0706879	-89.4078257
155	way/102878301	apartments	43.0704477	-89.4077137
156	way/102878303	apartments	43.0698596	-89.4088633
157	way/102878304	yes	43.0699623	-89.4077431
158	way/102878305	yes	43.0701654	-89.4081871
159	way/102878307	yes	43.0702323	-89.4076628
160	way/102878308	apartments	43.070342	-89.407997
161	way/102878309	yes	43.0701416	-89.4077511
162	way/102878310	apartments	43.0705795	-89.407713
163	way/102878311	apartments	43.0699234	-89.4088663
164	way/102878312	apartments	43.070337	-89.4077372
165	way/102878313	apartments	43.0708753	-89.407729
166	way/102878314	yes	43.0697741	-89.4082167
167	way/103242253	yes	43.0725029	-89.3972781
168	way/103321350	yes	43.0684757	-89.4114067
169	way/103321352	yes	43.0692817	-89.4101212
170	way/103321356	yes	43.0687779	-89.4100518
171	way/106318581	apartments	43.0692583	-89.4084267
172	way/107463295	yes	43.078173	-89.4336448
173	way/107463303	hospital	43.0772212	-89.4330645
174	way/107463308	yes	43.0735519	-89.4294364
175	way/107463313	university	43.0787828	-89.427267
176	way/107463323	university	43.077516	-89.431064
177	way/107463325	yes	43.0736616	-89.4293921
178	way/107499603	apartments	43.0721015	-89.4269943
179	way/107584430	dormitory	43.070799	-89.3997881
180	way/108038610	retail	43.0681494	-89.4235718
181	way/108065751	yes	43.0750321	-89.4347888
182	way/108065753	yes	43.0747918	-89.433459
183	way/108065754	apartments	43.0742119	-89.4342116
184	way/108065761	yes	43.0751641	-89.4352226
185	way/108065768	office	43.0727782	-89.4326677
186	way/108065778	yes	43.0756439	-89.4334077
187	way/108065781	yes	43.0753524	-89.4360416
188	way/108065782	yes	43.0755513	-89.4362127
189	way/139958463	university	43.0720205	-89.4049046
190	way/139958467	university	43.0716787	-89.4042794
191	way/146240050	yes	43.0725613	-89.4220652
192	way/152416590	apartments	43.0731945	-89.4238785
193	way/153060482	university	43.073134	-89.4048375
194	way/153060483	university	43.0731275	-89.4022328
195	way/153060489	university	43.0729169	-89.4003468
196	way/153063309	university	43.0726814	-89.406596
197	way/153063310	university	43.0730863	-89.4068031
198	way/153063312	university	43.0730798	-89.4072318
199	way/153063315	university	43.0728407	-89.4087824
200	way/153063316	apartments	43.0730692	-89.39893
201	way/153063317	commercial	43.0732304	-89.4095316
202	way/153640713	dormitory	43.0717547	-89.3992519
203	way/153640715	yes	43.0730361	-89.4028889
204	way/153640718	yes	43.0725405	-89.4028789
205	way/153640719	university	43.0711561	-89.4034093
206	way/153640720	university	43.07175	-89.4027159
207	way/153640722	apartments	43.0719396	-89.401687
208	way/153640723	apartments	43.0718114	-89.402302
209	way/153640724	apartments	43.0719371	-89.4014237
210	way/153640725	apartments	43.0717894	-89.402104
211	way/153640727	apartments	43.0722656	-89.4033815
212	way/153640730	apartments	43.0716887	-89.4022486
213	way/153660065	yes	43.0723626	-89.4086737
214	way/153660089	university	43.0708326	-89.4071331
215	way/153660095	university	43.0738463	-89.4151484
216	way/153660097	yes	43.0737236	-89.4162827
217	way/153660098	university	43.0738994	-89.4148803
218	way/153660099	university	43.071919	-89.4072467
219	way/158973590	university	43.0761464	-89.4050751
220	way/159529745	apartments	43.0695308	-89.4088445
221	way/159529770	apartments	43.0695154	-89.4080859
222	way/159529886	apartments	43.0692816	-89.4077801
223	way/159529890	apartments	43.0695192	-89.4080418
224	way/159530037	apartments	43.0695101	-89.4068261
225	way/159530351	yes	43.0700159	-89.4072128
226	way/159530353	apartments	43.0700841	-89.4065878
227	way/159530455	apartments	43.0698128	-89.4060539
228	way/159530602	apartments	43.0700464	-89.4068155
229	way/159530639	yes	43.0699547	-89.4070052
230	way/159530642	apartments	43.069848	-89.4072067
231	way/159531184	church	43.0731264	-89.4056004
232	way/171441058	university	43.0766751	-89.3980342
233	way/172980981	yes	43.0690893	-89.4055081
234	way/172980982	university	43.0686736	-89.4065135
235	way/172980983	university	43.0686724	-89.4071853
236	way/172980984	university	43.069066	-89.4072096
237	way/172980985	yes	43.0694689	-89.4055831
238	way/172992066	university	43.0747988	-89.4068003
239	way/173499562	university	43.0703078	-89.4070738
240	way/173500044	apartments	43.07207	-89.4060331
241	way/173506603	university	43.0745699	-89.411418
242	way/173508078	university	43.0744927	-89.412316
243	way/173708703	yes	43.074411	-89.42309
244	way/173709889	dormitory	43.0782137	-89.4186131
245	way/173710620	dormitory	43.078034	-89.4123325
246	way/173710621	dormitory	43.078206	-89.4113603
247	way/173996945	house	43.0712893	-89.4016592
248	way/174817939	yes	43.0744621	-89.3994235
249	way/174817940	retail	43.0744621	-89.3994235
250	way/174825275	yes	43.0784526	-89.4189719
251	way/175079855	yes	43.0784678	-89.4323932
252	way/175081814	yes	43.0754068	-89.4335338
253	way/175081815	yes	43.0755925	-89.4337117
254	way/175087841	apartments	43.0715239	-89.4023247
255	way/175120306	yes	43.0774711	-89.4253243
256	way/175121416	yes	43.0776121	-89.4270648
257	way/175151219	yes	43.0695255	-89.3976233
258	way/175344876	university	43.0689528	-89.4132403
259	way/175346220	university	43.0689475	-89.4123337
260	way/175346221	university	43.0690589	-89.4120985
261	way/184043448	school	43.0685127	-89.4177499
262	way/184043463	retail	43.0683089	-89.4236767
263	way/193490363	university	43.0738785	-89.4142877
264	way/193492268	university	43.0713911	-89.3988166
265	way/193571969	dormitory	43.077839	-89.4138772
266	way/212098534	apartments	43.0699515	-89.4021072
267	way/212101260	apartments	43.0700292	-89.4025238
268	way/212101261	apartments	43.0694175	-89.401604
269	way/212101262	apartments	43.0696399	-89.4025385
270	way/212101263	apartments	43.0700179	-89.4029294
271	way/212101264	apartments	43.0694641	-89.4029462
272	way/212101265	apartments	43.0694596	-89.4025451
273	way/212104383	apartments	43.0696611	-89.4039213
274	way/212104384	apartments	43.0696203	-89.4035624
275	way/212104385	apartments	43.0694636	-89.4033251
276	way/212104386	apartments	43.0697605	-89.4033174
277	way/220136015	retail	43.0732103	-89.4340974
278	way/220682039	yes	43.072629	-89.4281351
279	way/220682040	yes	43.0732738	-89.4141055
280	way/241508513	apartments	43.0681156	-89.4108658
281	way/245021126	apartments	43.0695444	-89.4097714
282	way/265146746	house	43.0701495	-89.4088261
283	way/295035631	yes	43.0686951	-89.410735
284	way/295121858	university	43.0702992	-89.3986594
285	way/295143785	yes	43.0746923	-89.4176275
286	way/295143786	yes	43.0747127	-89.4176271
287	way/295143787	yes	43.0745961	-89.417614
288	way/295143788	yes	43.0745948	-89.4175206
289	way/295143789	yes	43.0746721	-89.4176275
290	way/295143790	yes	43.0747048	-89.4176576
291	way/295143791	yes	43.0746854	-89.417658
292	way/295143792	yes	43.0746497	-89.417654
293	way/295278461	yes	43.0729676	-89.4130692
294	way/295278462	yes	43.0728254	-89.4113498
295	way/295320000	apartments	43.0709058	-89.4083178
296	way/295320001	apartments	43.0721001	-89.4070274
297	way/295601556	university	43.0740479	-89.4015303
298	way/295708135	university	43.0737816	-89.3988991
299	way/295763904	apartments	43.0718062	-89.4060407
300	way/295767796	yes	43.07434	-89.405601
301	way/295767797	yes	43.0746436	-89.4053296
302	way/298732485	yes	43.0697074	-89.4045459
303	way/298732487	apartments	43.0694706	-89.4047297
304	way/298732488	apartments	43.0714995	-89.4059921
305	way/298732489	commercial	43.069384	-89.404362
306	way/298732493	apartments	43.0711778	-89.4031461
307	way/299173225	yes	43.080508	-89.4301959
308	way/299403521	yes	43.0768354	-89.4276535
309	way/299403522	university	43.074916	-89.4228953
310	way/299403523	yes	43.0744089	-89.4225949
311	way/299558319	yes	43.0728226	-89.4147415
312	way/299558320	yes	43.0732364	-89.4158715
313	way/299558321	yes	43.0735104	-89.4182384
314	way/299558322	yes	43.073552	-89.4179639
315	way/299558323	yes	43.0735255	-89.4180983
316	way/299558324	yes	43.0738866	-89.4180433
317	way/299558325	house	43.0729829	-89.4143115
318	way/299558326	house	43.0729747	-89.4152936
319	way/299558327	house	43.0727294	-89.4143096
320	way/299558328	house	43.0726835	-89.4153327
321	way/299558329	house	43.0731432	-89.4153174
322	way/299564555	commercial	43.0682324	-89.4083631
323	way/299564556	apartments	43.0684318	-89.4076417
324	way/299564557	apartments	43.0688646	-89.4080665
325	way/299564559	apartments	43.0687383	-89.4086181
326	way/299564560	apartments	43.0682973	-89.4080422
327	way/299564561	yes	43.0683288	-89.4096382
328	way/299564562	yes	43.0681485	-89.4068836
329	way/299564563	apartments	43.0684136	-89.4086289
330	way/299564565	apartments	43.0688746	-89.4075186
331	way/299564566	retail	43.0681023	-89.4088528
332	way/299564567	apartments	43.0686693	-89.4086622
333	way/299564568	apartments	43.0684157	-89.4076101
334	way/310376487	commercial	43.0681978	-89.4023516
335	way/316613887	yes	43.0721953	-89.42964
336	way/317390355	yes	43.073842	-89.4359884
337	way/323929995	apartments	43.068725	-89.4034934
338	way/323929996	apartments	43.0684568	-89.4030717
339	way/323929997	apartments	43.0687184	-89.4030957
340	way/323929998	apartments	43.0684636	-89.4036183
341	way/323929999	apartments	43.0686901	-89.4022294
342	way/323930000	apartments	43.0691978	-89.4014114
343	way/323930001	apartments	43.0694651	-89.4049416
344	way/323930002	apartments	43.0689594	-89.4018479
345	way/323930003	yes	43.0689076	-89.4039254
346	way/323930004	yes	43.0681679	-89.402601
347	way/323930005	apartments	43.0692005	-89.4018419
348	way/323930006	yes	43.0681758	-89.4033229
349	way/323930009	apartments	43.0692487	-89.4039214
350	way/323930011	yes	43.0690124	-89.4036145
351	way/323930012	apartments	43.0682029	-89.4039149
352	way/323930013	yes	43.0692178	-89.4026363
353	way/323930014	office	43.0686831	-89.4048639
354	way/323930561	yes	43.0690118	-89.4022779
355	way/323930562	apartments	43.0685129	-89.40391
356	way/323930563	yes	43.0686232	-89.4039221
357	way/323930566	yes	43.0687143	-89.4039089
358	way/323930573	commercial	43.0681764	-89.4055767
359	way/328883252	residential	43.0683111	-89.4241002
360	way/328883253	residential	43.0683874	-89.4240892
361	way/328883254	residential	43.0686236	-89.4242094
362	way/338130757	apartments	43.0744452	-89.3988827
363	way/343102925	university	43.0688377	-89.406104
364	way/343102926	university	43.0688499	-89.4062336
365	way/343102927	university	43.0688517	-89.4063678
366	way/343600268	yes	43.0723985	-89.4289902
367	way/343600536	yes	43.0720053	-89.4272337
368	way/344411305	apartments	43.0701968	-89.4143142
369	way/345638659	apartments	43.0747987	-89.4359281
370	way/345638665	apartments	43.0735024	-89.4360699
371	way/345638666	retail	43.0737223	-89.4355392
372	way/345638667	yes	43.0731505	-89.4348782
373	way/345638669	yes	43.0732195	-89.4352842
374	way/345638672	yes	43.0731967	-89.4350786
375	way/345638675	retail	43.0732663	-89.4335989
376	way/345638677	apartments	43.0733507	-89.4353474
377	way/345638686	apartments	43.0731527	-89.4360629
378	way/345638687	apartments	43.0733164	-89.4360635
379	way/355219499	yes	43.0731402	-89.4241616
380	way/355219500	yes	43.0734538	-89.4185954
381	way/355219501	yes	43.072524	-89.4181738
382	way/355219502	apartments	43.0724517	-89.4298124
383	way/355219503	yes	43.0729636	-89.4193176
384	way/355219504	yes	43.0737608	-89.4188587
385	way/355219505	yes	43.0738757	-89.4182855
386	way/355219506	apartments	43.0734747	-89.419056
387	way/355219507	yes	43.0738166	-89.4187227
388	way/355219508	yes	43.0738359	-89.4184501
389	way/355219509	yes	43.0738676	-89.4183215
390	way/355219510	yes	43.0733185	-89.4184619
391	way/355219512	yes	43.0738161	-89.4185897
392	way/360719077	yes	43.0746018	-89.3987945
393	way/360719081	yes	43.0748259	-89.3982431
394	way/360724943	apartments	43.0730876	-89.4027961
395	way/362296944	house	43.0683964	-89.4323209
396	way/362296945	house	43.0696824	-89.4322086
397	way/362296946	house	43.0688858	-89.4320005
398	way/362296948	house	43.0708824	-89.4355731
399	way/362296951	house	43.0693528	-89.4317616
400	way/362296952	house	43.0684015	-89.4317262
401	way/362296953	house	43.0683978	-89.4334531
402	way/362296961	house	43.0692252	-89.4319958
403	way/362296964	house	43.0688637	-89.4326569
404	way/362296966	house	43.0684365	-89.4324964
405	way/362296968	house	43.0696871	-89.4319734
406	way/362296969	house	43.0708655	-89.4351067
407	way/362296970	house	43.070861	-89.4328068
408	way/362296971	house	43.06887	-89.4320423
409	way/362296972	house	43.0709004	-89.4317985
410	way/362296974	house	43.0692305	-89.4328259
411	way/362862233	commercial	43.0681959	-89.4283972
412	way/366245391	apartments	43.0723446	-89.4261739
413	way/366245392	apartments	43.0723163	-89.4268561
414	way/366245393	apartments	43.0724778	-89.4299253
415	way/367910182	residential	43.072017	-89.42431
416	way/369454453	apartments	43.0727732	-89.4224365
417	way/369454454	yes	43.0728018	-89.4249917
418	way/369454455	house	43.0733462	-89.4215343
419	way/369454456	yes	43.072531	-89.4198402
420	way/369454457	apartments	43.0732675	-89.4202698
421	way/369454458	apartments	43.0718286	-89.4256753
422	way/369454459	house	43.0705175	-89.4205246
423	way/369454460	apartments	43.073004	-89.4230734
424	way/369454461	yes	43.0728632	-89.4198665
425	way/369454462	apartments	43.0729719	-89.4226679
426	way/369454463	yes	43.0735667	-89.4196012
427	way/369454464	yes	43.0706767	-89.4201233
428	way/369454465	house	43.0717527	-89.4260348
429	way/369454466	apartments	43.0733112	-89.4194144
430	way/369454467	yes	43.0737223	-89.4204368
431	way/369454468	apartments	43.0721846	-89.4252816
432	way/369454469	apartments	43.0732489	-89.4232983
433	way/369454470	apartments	43.0722445	-89.4245524
434	way/369454471	yes	43.0729174	-89.4173782
435	way/369454472	yes	43.0737453	-89.4201149
436	way/369454473	yes	43.0727987	-89.4165982
437	way/369454474	apartments	43.0730117	-89.4220111
438	way/369454475	yes	43.0731467	-89.4207608
439	way/369454476	yes	43.0727556	-89.4205322
440	way/369454477	yes	43.0734992	-89.4206658
441	way/369454478	apartments	43.0718515	-89.4242682
442	way/369454479	yes	43.0723524	-89.4231737
443	way/369454480	yes	43.073715	-89.420737
444	way/369454481	apartments	43.0721994	-89.4251027
445	way/369454482	apartments	43.0734143	-89.4194702
446	way/369454483	yes	43.0734433	-89.4206463
447	way/369454484	yes	43.0723271	-89.4235501
448	way/369454485	apartments	43.0721789	-89.4253031
449	way/369454486	apartments	43.0722	-89.4247556
450	way/369454487	yes	43.0728779	-89.4174196
451	way/369454488	apartments	43.0734303	-89.4221006
452	way/369454489	apartments	43.0730871	-89.4207448
453	way/369454490	yes	43.0735371	-89.4200725
454	way/369454491	apartments	43.073497	-89.4198181
455	way/369454492	apartments	43.0717342	-89.4268653
456	way/369454493	yes	43.0727768	-89.4202923
457	way/369454494	yes	43.0717713	-89.4274406
458	way/369454495	house	43.0714914	-89.4147722
459	way/369454496	yes	43.0730925	-89.4179056
460	way/369454497	yes	43.0726479	-89.4213712
461	way/369454498	apartments	43.0734676	-89.4210142
462	way/369454499	yes	43.0726528	-89.4188268
463	way/369454500	apartments	43.0732129	-89.4202052
464	way/369454501	house	43.0719183	-89.4225855
465	way/369454502	yes	43.0723792	-89.4202212
466	way/369454503	yes	43.0725824	-89.4186731
467	way/369454504	apartments	43.0732539	-89.4199256
468	way/369454505	yes	43.0736859	-89.4196282
469	way/371673993	yes	43.0783787	-89.4254589
470	way/371674341	yes	43.07194	-89.4361074
471	way/371674342	yes	43.0718038	-89.4360873
472	way/371674343	apartments	43.0725546	-89.4360588
473	way/371674344	apartments	43.0726097	-89.4355514
474	way/371674345	apartments	43.0728406	-89.4360641
475	way/371674346	yes	43.0726051	-89.4349226
476	way/371674347	apartments	43.0727829	-89.4354727
477	way/371674351	apartments	43.0725612	-89.4336035
478	way/371674354	house	43.0724107	-89.4360264
479	way/371674356	house	43.0724971	-89.4342862
480	way/371674357	yes	43.072561	-89.433284
481	way/371674361	house	43.0720814	-89.4359696
482	way/371674363	apartments	43.0725408	-89.4344225
483	way/371674364	house	43.0716827	-89.4360946
484	way/371674365	yes	43.0728098	-89.4348612
485	way/371674366	detached	43.0724947	-89.4338866
486	way/371674369	apartments	43.0728828	-89.4335649
487	way/379470530	house	43.0708052	-89.4186375
488	way/382670809	yes	43.0711272	-89.4093517
489	way/387711098	house	43.0694279	-89.4248769
490	way/387711100	house	43.0694279	-89.4245621
491	way/387711101	yes	43.0684172	-89.4245199
492	way/387711103	yes	43.0684071	-89.4243214
493	way/387711104	yes	43.0691624	-89.4242082
494	way/387711105	house	43.0685975	-89.4243724
495	way/387711106	apartments	43.0682258	-89.4250002
496	way/387711107	house	43.0681431	-89.4254371
497	way/387711109	yes	43.0682496	-89.4250921
498	way/387711110	yes	43.0683316	-89.4245908
499	way/387711112	yes	43.0691923	-89.4241069
500	way/387711113	house	43.0689865	-89.4253506
501	way/387711114	yes	43.0683956	-89.4247866
502	way/387711115	yes	43.0692912	-89.4240961
503	way/387711117	yes	43.0691524	-89.4245659
504	way/387711118	house	43.0689929	-89.4249724
505	way/387711119	yes	43.0684897	-89.4246701
506	way/387711120	house	43.068989	-89.4243191
507	way/387711122	yes	43.0691567	-89.4246771
508	way/387711123	house	43.0689848	-89.4247286
509	way/387711124	house	43.0686277	-89.4247459
510	way/387711125	yes	43.0684827	-89.4249982
511	way/387711126	apartments	43.0690343	-89.4240751
512	way/387711127	house	43.0689957	-89.4245289
513	way/387711128	yes	43.0682319	-89.4245922
514	way/387711129	yes	43.0692101	-89.4243437
515	way/387711130	house	43.0694265	-89.4242911
516	way/387711131	house	43.0686508	-89.4251767
517	way/387711132	house	43.0691752	-89.4253587
518	way/387711133	house	43.0686179	-89.4245561
519	way/387711134	house	43.0684467	-89.4234658
520	way/387711135	house	43.0685883	-89.4253862
521	way/387711136	house	43.0694308	-89.4253545
522	way/387711137	house	43.0694287	-89.424102
523	way/387711138	house	43.0686267	-89.4249261
524	way/391315358	yes	43.0747196	-89.4331542
525	way/391316022	yes	43.0777426	-89.4295596
526	way/410688248	house	43.0717053	-89.4352064
527	way/410688256	house	43.070064	-89.4348495
528	way/410688260	house	43.0708928	-89.4350734
529	way/410688261	house	43.0717302	-89.4350687
530	way/410688287	house	43.0721666	-89.4346597
531	way/412585896	university	43.0736476	-89.4112186
532	way/412588609	house	43.0720008	-89.4022167
533	way/414211342	apartments	43.0721844	-89.4295922
534	way/414211497	apartments	43.0720486	-89.4290776
535	way/414266095	retail	43.0719771	-89.4284958
536	way/422307101	yes	43.069863	-89.4143437
537	way/422307103	yes	43.0719942	-89.4147435
538	way/422307104	apartments	43.0689464	-89.414677
539	way/422307105	yes	43.0721691	-89.4146327
540	way/422307106	yes	43.0706762	-89.414257
541	way/422307107	yes	43.0723293	-89.4147445
542	way/422307108	yes	43.0712302	-89.4143163
543	way/422307111	yes	43.0705879	-89.4142263
544	way/422307112	yes	43.069213	-89.4142398
545	way/422307113	house	43.0681083	-89.416219
546	way/422307115	yes	43.0697743	-89.4147378
547	way/422307116	yes	43.0718199	-89.414411
548	way/422307117	yes	43.0720031	-89.4142793
549	way/422307118	yes	43.0721328	-89.41428
550	way/422307120	yes	43.069134	-89.4145019
551	way/422307121	yes	43.0714853	-89.4143068
552	way/422307122	yes	43.0705448	-89.414807
553	way/422307123	yes	43.0682048	-89.4161265
554	way/422307124	yes	43.0689635	-89.4146273
555	way/422307125	yes	43.0685021	-89.4141854
556	way/422307127	yes	43.0701769	-89.4143551
557	way/422307129	yes	43.0707975	-89.4147943
558	way/422307131	yes	43.0728024	-89.4144255
559	way/422307134	yes	43.0683963	-89.4147876
560	way/422307135	yes	43.0705742	-89.4146327
561	way/422307136	yes	43.0682562	-89.4142525
562	way/422307137	yes	43.0711248	-89.4147713
563	way/422307138	yes	43.0682219	-89.4142512
564	way/422307140	house	43.0685276	-89.4165801
565	way/422307141	apartments	43.0725997	-89.4143075
566	way/422307142	house	43.068366	-89.4165431
567	way/422307143	house	43.0685276	-89.4164016
568	way/422307144	yes	43.0699795	-89.4143564
569	way/422307147	yes	43.070897	-89.4145281
570	way/422307149	yes	43.0708984	-89.414797
571	way/422307151	yes	43.0682777	-89.4145053
572	way/422307152	yes	43.0681763	-89.4145174
573	way/422307153	apartments	43.0682469	-89.4165545
574	way/422307154	yes	43.0702062	-89.4147485
575	way/422307156	yes	43.0701803	-89.414504
576	way/422307157	yes	43.0681278	-89.4144268
577	way/422307158	yes	43.0712389	-89.4147749
578	way/422307159	yes	43.0696395	-89.4147534
579	way/422307160	yes	43.0682376	-89.4144255
580	way/422307161	house	43.0680916	-89.4156399
581	way/422307162	yes	43.071016	-89.4147708
582	way/422307164	yes	43.0724493	-89.4143196
583	way/422307165	yes	43.0698683	-89.4147562
584	way/422307167	yes	43.0695386	-89.4147306
585	way/422307168	yes	43.0692882	-89.4147189
586	way/422307169	yes	43.0723237	-89.4141504
587	way/422307170	yes	43.0706942	-89.4147896
588	way/422307172	yes	43.0681267	-89.4145065
589	way/422307173	house	43.0680837	-89.4146857
590	way/422307174	yes	43.0690693	-89.4147641
591	way/422307175	apartments	43.0680824	-89.4140894
592	way/422307176	yes	43.068529	-89.414654
593	way/422307177	yes	43.0694117	-89.4147581
594	way/422307178	yes	43.0683512	-89.4147702
595	way/422307181	yes	43.069692	-89.4142742
596	way/422307182	yes	43.0705547	-89.4143919
597	way/422307183	yes	43.0713471	-89.4147916
598	way/422307184	yes	43.0691001	-89.4143302
599	way/422307185	yes	43.0711263	-89.4143207
600	way/422307186	house	43.0680896	-89.4163896
601	way/422307188	yes	43.0701043	-89.4145902
602	way/422307190	yes	43.0724635	-89.4147179
603	way/422307191	yes	43.0685115	-89.414675
604	way/422307192	yes	43.0690904	-89.4147252
605	way/422307194	house	43.0681054	-89.4158167
606	way/422307195	yes	43.0695612	-89.4142512
607	way/422307196	yes	43.0693993	-89.4142808
608	way/422307197	yes	43.0682285	-89.41477
609	way/422307199	yes	43.0713462	-89.4142438
610	way/422307200	yes	43.0699841	-89.4147613
611	way/422307201	yes	43.0718347	-89.4147424
612	way/422307204	apartments	43.0728544	-89.4143121
613	way/422307207	yes	43.0705409	-89.4145482
614	way/422307208	yes	43.0682057	-89.4152469
615	way/422307209	apartments	43.0689105	-89.4144502
616	way/425457610	detached	43.0725183	-89.4329428
617	way/425457611	yes	43.0725274	-89.4334568
618	way/425457613	apartments	43.0727047	-89.4318055
619	way/425457614	house	43.0728608	-89.4323243
620	way/425457615	house	43.0728624	-89.4324566
621	way/425457616	detached	43.0725898	-89.4327909
622	way/425457617	yes	43.0728425	-89.4332482
623	way/425457618	detached	43.0725227	-89.4331144
624	way/425457619	house	43.0729044	-89.4326137
625	way/425457620	retail	43.0728825	-89.4321918
626	way/425672898	house	43.0713312	-89.4361072
627	way/425672900	house	43.0721771	-89.4360957
628	way/439088232	house	43.0685344	-89.4158191
629	way/439088233	apartments	43.0685657	-89.4152622
630	way/439088234	house	43.0685158	-89.4160896
631	way/439088235	house	43.0685171	-89.4160021
632	way/439088236	yes	43.0683317	-89.4152683
633	way/439088237	yes	43.0689712	-89.41634
634	way/439088238	yes	43.0693833	-89.416177
635	way/439088239	yes	43.0682464	-89.4157181
636	way/439088240	yes	43.0692539	-89.4163602
637	way/439088241	yes	43.0690603	-89.415334
638	way/439088243	yes	43.0683074	-89.4159099
639	way/439088244	house	43.0688605	-89.4164225
640	way/439088245	yes	43.0683711	-89.4152899
641	way/439088246	yes	43.0693517	-89.4155944
642	way/439088247	house	43.0689376	-89.4156491
643	way/439088248	house	43.0689545	-89.4162199
644	way/439088249	yes	43.0692144	-89.4152496
645	way/439088250	house	43.0691865	-89.4165589
646	way/439088251	yes	43.0693663	-89.4152622
647	way/439088252	house	43.0689628	-89.4165381
648	way/439088253	yes	43.0693509	-89.4159913
649	way/439088254	house	43.0685126	-89.4156079
650	way/439088255	house	43.0693732	-89.4164682
651	way/439088256	house	43.0690737	-89.4165638
652	way/439088257	yes	43.0689487	-89.4153329
653	way/439088258	yes	43.0693755	-89.4161566
654	way/439088259	house	43.0688891	-89.4158076
655	way/439088260	apartments	43.0688326	-89.4153349
656	way/439424781	yes	43.0697357	-89.4155995
657	way/439424782	yes	43.0697484	-89.4157909
658	way/439424783	yes	43.0697064	-89.4152684
659	way/439424784	yes	43.0697266	-89.4154727
660	way/439424785	yes	43.0698978	-89.415645
661	way/439536674	yes	43.0721444	-89.4161283
662	way/439536675	yes	43.0715024	-89.4164799
663	way/439536676	yes	43.0709093	-89.4163192
664	way/439536677	yes	43.0716495	-89.4162697
665	way/439536678	yes	43.0728246	-89.4159276
666	way/439536679	yes	43.0715841	-89.4159092
667	way/439536680	yes	43.0724521	-89.4161501
668	way/439536681	yes	43.0697571	-89.41614
669	way/439536682	yes	43.0710609	-89.415909
670	way/439536683	house	43.0706008	-89.4164303
671	way/439536684	yes	43.0720017	-89.4151797
672	way/439536685	yes	43.0697396	-89.4159465
673	way/439536686	yes	43.0716569	-89.4165074
674	way/439536687	yes	43.0700303	-89.4152569
675	way/439536688	yes	43.0709375	-89.4161617
676	way/439536689	yes	43.0724229	-89.4158367
677	way/439536690	yes	43.0728443	-89.4160929
678	way/439536691	yes	43.0715535	-89.4164021
679	way/439536692	yes	43.0698985	-89.4158974
680	way/439536693	yes	43.0713645	-89.4165074
681	way/439536694	yes	43.0715922	-89.4162734
682	way/439536695	yes	43.0721722	-89.4158858
683	way/439536696	yes	43.0699709	-89.4157121
684	way/439536697	yes	43.070064	-89.4163387
685	way/439536698	yes	43.0719709	-89.4159529
686	way/439536699	yes	43.0720213	-89.415464
687	way/439536700	yes	43.0698944	-89.4160575
688	way/439536701	yes	43.0708398	-89.4153051
689	way/439536702	yes	43.0705332	-89.4163592
690	way/439536703	yes	43.071772	-89.4157289
691	way/439536704	yes	43.0698861	-89.4154037
692	way/439536705	yes	43.070673	-89.4163932
693	way/439536706	yes	43.0699731	-89.4159826
694	way/439536707	yes	43.0713268	-89.415456
695	way/439536708	yes	43.0698905	-89.4165973
696	way/439536709	yes	43.0701393	-89.415489
697	way/439536710	yes	43.0708635	-89.4165637
698	way/439536711	yes	43.0727208	-89.4154908
699	way/439536712	yes	43.0701673	-89.415865
700	way/439536713	yes	43.0705264	-89.4156997
701	way/439536714	yes	43.0699934	-89.4165724
702	way/439536715	yes	43.0711989	-89.4156813
703	way/439536716	yes	43.072833	-89.4156933
704	way/439536717	yes	43.0714168	-89.4161305
705	way/439536718	yes	43.0701678	-89.4156749
706	way/439536719	yes	43.0716834	-89.4156677
707	way/439536720	yes	43.0712248	-89.4161707
708	way/439536721	yes	43.0697588	-89.416311
709	way/439536722	yes	43.0697612	-89.416445
710	way/439536723	yes	43.071195	-89.4152512
711	way/439536724	yes	43.0709939	-89.4153028
712	way/439536725	yes	43.0705564	-89.4160222
713	way/439536726	yes	43.0697617	-89.4164836
714	way/439536727	yes	43.0705242	-89.4152827
715	way/439536728	yes	43.070109	-89.4164678
716	way/439536729	yes	43.0712596	-89.4165409
717	way/439536730	yes	43.0701611	-89.4162458
718	way/439536731	yes	43.0705538	-89.4159106
719	way/439536732	yes	43.0706742	-89.4151022
720	way/439536733	yes	43.0721644	-89.4151495
721	way/439536734	yes	43.0702138	-89.4165704
722	way/439536735	yes	43.0712793	-89.4163765
723	way/439536736	yes	43.0718734	-89.4154224
724	way/439536737	yes	43.0701717	-89.4160407
725	way/439536738	yes	43.0701864	-89.415293
726	way/439541856	yes	43.0724436	-89.4153469
727	way/439630179	yes	43.0722412	-89.4173946
728	way/439630180	yes	43.0719771	-89.4171349
729	way/439630181	yes	43.072869	-89.4170485
730	way/439630182	yes	43.0720128	-89.4169228
731	way/439630183	yes	43.072424	-89.4166153
732	way/439630184	yes	43.0723036	-89.4171306
733	way/439630185	yes	43.0724499	-89.4170387
734	way/439630186	yes	43.0728675	-89.4168452
735	way/439630187	yes	43.0731396	-89.4166522
736	way/439630188	yes	43.0723564	-89.4172859
737	way/439630189	yes	43.0722481	-89.4167615
738	way/439630190	yes	43.0728088	-89.4172964
739	way/439630191	yes	43.072397	-89.417308
740	way/439630192	yes	43.0720073	-89.4173231
741	way/439630193	yes	43.0730054	-89.4166046
742	way/439630194	yes	43.0720488	-89.4167206
743	way/439823706	yes	43.0730442	-89.4185523
744	way/439823707	yes	43.0725278	-89.4222917
745	way/439823708	yes	43.0724301	-89.4204018
746	way/439823709	yes	43.0720278	-89.4278587
747	way/439823710	yes	43.0718786	-89.4269608
748	way/439823711	house	43.0721808	-89.4220072
749	way/439823712	yes	43.0724021	-89.4205774
750	way/439823713	yes	43.0726813	-89.4209656
751	way/439823714	yes	43.0724932	-89.4193013
752	way/439823715	apartments	43.0717181	-89.4262882
753	way/439823716	apartments	43.0719556	-89.4236203
754	way/439823717	house	43.0716013	-89.4273847
755	way/439823718	yes	43.0718273	-89.4264891
756	way/439823719	yes	43.0716944	-89.4280241
757	way/439823720	yes	43.0719821	-89.4244113
758	way/439823721	yes	43.072405	-89.419992
759	way/439823722	house	43.0717808	-89.4247741
760	way/439823723	yes	43.0723595	-89.4210815
761	way/439823724	yes	43.0723157	-89.4217808
762	way/439823725	yes	43.0727013	-89.4208208
763	way/439823726	yes	43.0716946	-89.4279441
764	way/439823727	apartments	43.0718739	-89.4240439
765	way/439823728	house	43.071829	-89.4245075
766	way/439823729	house	43.0719988	-89.4229985
767	way/439823730	yes	43.0722395	-89.4223283
768	way/439823731	yes	43.0718959	-89.4245931
769	way/439823732	yes	43.0717527	-89.4274096
770	way/439823733	house	43.0719792	-89.4230474
771	way/439823734	yes	43.0716949	-89.4282216
772	way/439823735	yes	43.071798	-89.4267911
773	way/439823736	yes	43.0726056	-89.418518
774	way/439823737	apartments	43.071618	-89.4275695
775	way/439823738	apartments	43.0716976	-89.4266403
776	way/439823739	house	43.0719758	-89.4234478
777	way/439823740	yes	43.0729565	-89.4191179
778	way/439823741	house	43.0720084	-89.4277428
779	way/439823742	yes	43.0716982	-89.4276673
780	way/439823743	yes	43.0725661	-89.4199732
781	way/439823744	yes	43.0721401	-89.4230574
782	way/439823745	yes	43.0722467	-89.4221476
783	way/439823746	house	43.0721712	-89.4215843
784	way/439823747	yes	43.0726562	-89.4197614
785	way/439823748	yes	43.0722678	-89.4220593
786	way/439823749	yes	43.0726352	-89.4199158
787	way/439823750	house	43.0721375	-89.4221957
788	way/439823751	yes	43.0716723	-89.4283906
789	way/439823752	yes	43.0730807	-89.4181458
790	way/439823753	house	43.071792	-89.4253565
791	way/439823754	apartments	43.0716615	-89.4282672
792	way/439823755	yes	43.0728118	-89.4200408
793	way/439823756	house	43.0716696	-89.4264404
794	way/439823757	house	43.0719526	-89.4233024
795	way/439823758	apartments	43.0716679	-89.4277254
796	way/439823759	yes	43.0725564	-89.4190834
797	way/439823760	apartments	43.0716569	-89.4268079
798	way/439823761	yes	43.0723105	-89.4206377
799	way/439823762	house	43.071613	-89.4284061
800	way/439823763	retail	43.0719927	-89.4283077
801	way/439823764	yes	43.073004	-89.4186989
802	way/439823765	yes	43.0726195	-89.418372
803	way/439823766	house	43.071843	-89.4243966
804	way/439823767	yes	43.0722585	-89.4212889
805	way/439823768	yes	43.0725924	-89.4218436
806	way/439823769	yes	43.0720287	-89.4240143
807	way/439823770	yes	43.0729878	-89.4188885
808	way/439823771	apartments	43.0716664	-89.4279205
809	way/439823772	yes	43.0717906	-89.4246641
810	way/439823773	yes	43.0724011	-89.4197848
811	way/439823774	yes	43.0727405	-89.4206914
812	way/439823775	apartments	43.0716664	-89.4281002
813	way/439823776	house	43.0717505	-89.4251235
814	way/439823777	house	43.0720826	-89.422682
815	way/439823778	house	43.0720786	-89.4223509
816	way/439961750	house	43.0716955	-89.4307271
817	way/439961751	yes	43.0721259	-89.4311475
818	way/439961752	detached	43.0721317	-89.4316442
819	way/439961753	house	43.071689	-89.4295767
820	way/439961754	apartments	43.0716811	-89.4300469
821	way/439961755	yes	43.0717615	-89.4316472
822	way/439961756	yes	43.0719607	-89.4309214
823	way/439961757	yes	43.072047	-89.4306196
824	way/439961759	detached	43.0725102	-89.4321824
825	way/439961760	yes	43.0717502	-89.4304104
826	way/439961761	yes	43.0717842	-89.4302381
827	way/439961762	yes	43.0717895	-89.430323
828	way/439961763	detached	43.0724335	-89.4326279
829	way/439961764	yes	43.0719107	-89.4316138
830	way/439961765	apartments	43.0717155	-89.4310315
831	way/439961766	yes	43.0718357	-89.4309176
832	way/439961767	yes	43.0725701	-89.4321498
833	way/439961768	yes	43.071891	-89.4311965
834	way/439961769	yes	43.0721724	-89.4301173
835	way/439961770	detached	43.0724952	-89.4324247
836	way/439961771	yes	43.0722611	-89.4311735
837	way/439961772	house	43.0716762	-89.4312224
838	way/439961773	yes	43.0720944	-89.4308489
839	way/439961774	yes	43.0717766	-89.4309172
840	way/439961775	yes	43.0717941	-89.4295114
841	way/439961776	apartments	43.072285	-89.4304188
842	way/439961777	yes	43.0717864	-89.4307316
843	way/439961778	yes	43.0717743	-89.4311586
844	way/439961779	yes	43.0718649	-89.4315203
845	way/439961780	yes	43.0721208	-89.4300589
846	way/439961781	yes	43.0720059	-89.4311969
847	way/439961782	detached	43.0724736	-89.4316811
848	way/439961783	apartments	43.0717257	-89.4297284
849	way/439961784	house	43.0716757	-89.4308959
850	way/439961785	house	43.0716566	-89.4302287
851	way/439961786	apartments	43.0724537	-89.4306537
852	way/439961787	house	43.07168	-89.4305634
853	way/439961788	house	43.0716635	-89.4303829
854	way/439961789	yes	43.0725044	-89.4321311
855	way/440108513	house	43.0716832	-89.4331321
856	way/440108514	house	43.0717434	-89.431966
857	way/440108516	house	43.071714	-89.4321316
858	way/440108517	house	43.0716749	-89.4324742
859	way/440108519	detached	43.0721356	-89.433288
860	way/440108521	yes	43.0721361	-89.4330952
861	way/440108523	house	43.0716931	-89.4318151
862	way/440108524	detached	43.0721326	-89.4316783
863	way/440108525	house	43.0717085	-89.4332605
864	way/440108526	yes	43.0718067	-89.4320713
865	way/440108528	yes	43.0720462	-89.4331346
866	way/440108529	yes	43.0720085	-89.4328739
867	way/440108530	yes	43.0720056	-89.4328089
868	way/440108531	yes	43.0721329	-89.4329504
869	way/440108534	yes	43.0718031	-89.4317352
870	way/440108535	yes	43.0717371	-89.4318741
871	way/440108537	yes	43.0719867	-89.4324817
872	way/440108538	house	43.0716923	-89.4327743
873	way/440108539	yes	43.0717682	-89.4329735
874	way/440108541	yes	43.072129	-89.4322718
875	way/440108543	house	43.0716943	-89.4322996
876	way/440108545	house	43.0716835	-89.4329433
877	way/440108546	house	43.0716909	-89.4326243
878	way/440108549	yes	43.0719898	-89.4326451
879	way/440108550	detached	43.0721425	-89.4336099
880	way/440108551	detached	43.0721327	-89.4319638
881	way/440108553	house	43.0716774	-89.433613
882	way/440108554	yes	43.0721381	-89.4334523
883	way/440108556	detached	43.0721338	-89.4321265
884	way/440108557	house	43.0719499	-89.4334373
885	way/440108559	yes	43.0721366	-89.4327846
886	way/440108561	yes	43.0720269	-89.4324502
887	way/440108562	house	43.0716708	-89.4334393
888	way/440424455	house	43.0721452	-89.4346226
889	way/440424456	house	43.0721452	-89.4344531
890	way/440424457	house	43.0721607	-89.4354927
891	way/440424458	house	43.072142	-89.4341714
892	way/440424459	house	43.071691	-89.4349032
893	way/440424460	house	43.0716947	-89.4353401
894	way/440424461	house	43.0721378	-89.4340111
895	way/440424462	yes	43.0718766	-89.4357408
896	way/440424463	house	43.0716806	-89.4343353
897	way/440424464	yes	43.0718422	-89.4350152
898	way/440424467	yes	43.071986	-89.4357606
899	way/440424469	yes	43.0718345	-89.4352365
900	way/440424470	house	43.0721379	-89.4343052
901	way/440424471	house	43.0718546	-89.4340147
902	way/440424473	yes	43.0717776	-89.4348945
903	way/440424474	yes	43.07195	-89.4350805
904	way/440424475	house	43.071664	-89.4355349
905	way/440424476	yes	43.0718729	-89.4356311
906	way/440424477	yes	43.0719858	-89.4352915
907	way/440424478	house	43.0717062	-89.4339047
908	way/440424479	house	43.0721873	-89.4358262
909	way/440424480	house	43.0716911	-89.4344418
910	way/440424481	house	43.071613	-89.4346303
911	way/440424483	house	43.0717061	-89.4356723
912	way/440424485	house	43.0716846	-89.4347555
913	way/440424487	house	43.0721617	-89.4349086
914	way/440424489	house	43.0716016	-89.434188
915	way/440424491	house	43.0721624	-89.4356325
916	way/440424493	house	43.0716897	-89.4358299
917	way/440424494	house	43.0721533	-89.4350494
918	way/440424496	house	43.072157	-89.4353705
919	way/440424498	house	43.0720892	-89.4352197
920	way/441361078	yes	43.0712387	-89.4269706
921	way/441361079	yes	43.0712358	-89.4275539
922	way/441361080	house	43.0708504	-89.4289726
923	way/441361081	yes	43.0712356	-89.4273913
924	way/441361082	house	43.0713235	-89.4289624
925	way/441361083	yes	43.0712553	-89.4279325
926	way/441361084	yes	43.070976	-89.4290685
927	way/441361085	yes	43.0709742	-89.4289958
928	way/441361086	yes	43.0712382	-89.4281018
929	way/441361087	yes	43.0710276	-89.4274607
930	way/441361088	yes	43.0710599	-89.4283009
931	way/441361089	yes	43.0710893	-89.4279536
932	way/441361090	yes	43.0712358	-89.4284766
933	way/441361091	yes	43.0712333	-89.4282889
934	way/441361092	yes	43.0712358	-89.4277246
935	way/441361093	yes	43.0711809	-89.4289192
936	way/441547948	house	43.0696789	-89.4312208
937	way/441547950	house	43.069656	-89.4307368
938	way/441547952	house	43.0696443	-89.4304772
939	way/441547954	house	43.0696609	-89.4289356
940	way/441547956	house	43.0696594	-89.4302475
941	way/441547958	house	43.0696558	-89.42974
942	way/441547960	house	43.0696704	-89.4292609
943	way/441547962	house	43.0696761	-89.4299274
944	way/441547964	house	43.0696761	-89.4300957
945	way/441547966	yes	43.0694763	-89.4301495
946	way/441547968	house	43.069665	-89.429587
947	way/441547970	house	43.0696541	-89.4308977
948	way/441547972	house	43.0696667	-89.429425
949	way/441547973	house	43.0696619	-89.4310781
950	way/441708999	house	43.0704082	-89.428941
951	way/441709003	yes	43.0703218	-89.429034
952	way/441709004	house	43.0700323	-89.4288093
953	way/441709005	house	43.0702052	-89.4289756
954	way/441709006	house	43.0703002	-89.4290052
955	way/441709007	house	43.0705268	-89.4289644
956	way/441716167	house	43.0698079	-89.4284417
957	way/441966481	house	43.0700443	-89.431068
958	way/441966482	house	43.0700318	-89.4299158
959	way/441966483	house	43.0704762	-89.4293862
960	way/441966484	house	43.0713197	-89.4307059
961	way/441966485	house	43.0712976	-89.4302031
962	way/441966486	house	43.0716856	-89.4294249
963	way/441966487	house	43.0700718	-89.4309028
964	way/441966488	house	43.0709058	-89.430255
965	way/441966489	house	43.0704776	-89.4305776
966	way/441966490	house	43.0704794	-89.4297543
967	way/441966491	house	43.0716733	-89.4292908
968	way/441966492	house	43.0700475	-89.4300827
969	way/441966493	house	43.0704801	-89.4295841
970	way/441966494	house	43.0704683	-89.4292593
971	way/441966495	house	43.0700348	-89.4307313
972	way/441966496	house	43.0700211	-89.4292419
973	way/441966497	house	43.0700617	-89.4302477
974	way/441966498	house	43.0700288	-89.4312148
975	way/441966499	house	43.0708528	-89.4302494
976	way/441966500	house	43.0713296	-89.4300362
977	way/441966501	yes	43.0701848	-89.4309343
978	way/441966502	yes	43.0701504	-89.4301102
979	way/441966503	yes	43.0711531	-89.4310507
980	way/441966504	yes	43.0702155	-89.4300204
981	way/441966505	yes	43.0702028	-89.4308633
982	way/441966506	yes	43.0703236	-89.4298179
983	way/441966507	yes	43.0703777	-89.430917
984	way/441966509	yes	43.0702136	-89.42984
985	way/441966511	yes	43.0703488	-89.4303731
986	way/441966512	yes	43.070869	-89.4310782
987	way/441966514	yes	43.0709828	-89.4292621
988	way/441966515	yes	43.0702929	-89.4296496
989	way/441966516	yes	43.0702131	-89.4297595
990	way/441966517	house	43.0708865	-89.4308979
991	way/441966520	yes	43.0703511	-89.4299834
992	way/441966521	house	43.0709095	-89.4305335
993	way/441966523	yes	43.0710303	-89.429356
994	way/441966526	yes	43.0703497	-89.4301496
995	way/441966528	house	43.0700568	-89.430569
996	way/441966529	house	43.0705036	-89.4300707
997	way/441966530	yes	43.0701582	-89.4304267
998	way/441966531	house	43.0713252	-89.4302941
999	way/441966533	yes	43.0703449	-89.4294806
1000	way/441966534	yes	43.0701496	-89.430418
1001	way/441966535	yes	43.0703527	-89.4306413
1002	way/441966536	house	43.0700517	-89.4303974
1003	way/441966537	house	43.0713233	-89.4292378
1004	way/441966538	house	43.0705387	-89.4311043
1005	way/441966539	yes	43.0708954	-89.4311901
1006	way/441966540	yes	43.0703258	-89.4294124
1007	way/441966541	yes	43.071216	-89.4291758
1008	way/441966543	yes	43.0702914	-89.4292165
1009	way/441966544	yes	43.0711979	-89.4290906
1010	way/441966545	house	43.0713258	-89.4307882
1011	way/441966547	house	43.0713438	-89.4289891
1012	way/441966548	yes	43.0711453	-89.4305688
1013	way/441966553	detached	43.0716425	-89.4288806
1014	way/441966554	house	43.0700368	-89.4294852
1015	way/441966555	yes	43.0711335	-89.4311687
1016	way/441966556	house	43.0700362	-89.4297524
1017	way/441966557	house	43.070846	-89.4310408
1018	way/441966558	house	43.0716476	-89.4290856
1019	way/441966559	house	43.0713254	-89.4297111
1020	way/441966560	house	43.0705016	-89.4303751
1021	way/441966561	house	43.0713057	-89.4294021
1022	way/441966562	house	43.0708481	-89.4296081
1023	way/441966563	house	43.0713204	-89.4310424
1024	way/441966564	yes	43.0703089	-89.4311908
1025	way/441966565	house	43.0713103	-89.4311908
1026	way/441966566	house	43.0713035	-89.4305323
1027	way/441966567	house	43.0708515	-89.4295797
1028	way/441966568	house	43.0704683	-89.4302396
1029	way/441966569	house	43.0713192	-89.4298985
1030	way/441966570	house	43.070482	-89.4299117
1031	way/441966571	house	43.0708712	-89.4299055
1032	way/441966572	house	43.0704864	-89.4310718
1033	way/441966573	yes	43.0710282	-89.4311747
1034	way/441966574	house	43.0708381	-89.4307214
1035	way/441966575	house	43.0708559	-89.4292373
1036	way/441966576	house	43.0708563	-89.4294207
1037	way/441966577	house	43.0708677	-89.4310935
1038	way/441966578	house	43.0713226	-89.4295587
1039	way/441966579	house	43.0700339	-89.4294266
1040	way/441966580	house	43.0704737	-89.4307392
1041	way/441966581	house	43.0704845	-89.4308887
1042	way/441966582	house	43.0708982	-89.4300698
1043	way/441967622	yes	43.0704169	-89.4281299
1044	way/441967623	yes	43.070422	-89.4281763
1045	way/441967624	yes	43.0707991	-89.4275623
1046	way/441967625	yes	43.0704111	-89.427404
1047	way/441967626	house	43.0698052	-89.4282072
1048	way/441967627	yes	43.0708343	-89.4277497
1049	way/441967628	yes	43.0704136	-89.4279425
1050	way/441967629	yes	43.0707839	-89.4274047
1051	way/441967630	house	43.0698155	-89.4278648
1052	way/441967631	yes	43.0703778	-89.4284595
1053	way/441967632	yes	43.0708662	-89.4275482
1054	way/441967633	yes	43.0699933	-89.4280706
1055	way/441967634	yes	43.0704104	-89.4275848
1056	way/441967635	yes	43.0702705	-89.4274704
1057	way/441967636	yes	43.0699903	-89.4278489
1058	way/441967637	yes	43.0708116	-89.4282806
1059	way/441967638	yes	43.0699908	-89.4274047
1060	way/441967639	yes	43.0708049	-89.4284588
1061	way/441967640	house	43.0698036	-89.4277365
1062	way/441967641	yes	43.0699927	-89.4284416
1063	way/441967642	yes	43.0707736	-89.4281155
1064	way/441967643	yes	43.0707519	-89.4278979
1065	way/441967644	yes	43.070411	-89.4277562
1066	way/441967645	yes	43.0699907	-89.4282709
1067	way/441967646	yes	43.0700041	-89.4276388
1068	way/441967647	house	43.0698077	-89.4274367
1069	way/442136367	house	43.0696829	-89.4316607
1070	way/442136368	house	43.0696574	-89.431829
1071	way/442136369	house	43.0684296	-89.4316146
1072	way/442136370	house	43.0694037	-89.431768
1073	way/442136371	house	43.0688056	-89.4318451
1074	way/442136372	house	43.0692136	-89.4316795
1075	way/442136373	house	43.0687434	-89.4318981
1076	way/442136374	house	43.0687321	-89.4317338
1077	way/442136375	house	43.0688692	-89.4317794
1078	way/442513777	house	43.070873	-89.4359733
1079	way/442513779	house	43.0708806	-89.4358194
1080	way/442513780	house	43.0708686	-89.4361007
1081	way/442796763	house	43.0708924	-89.4353802
1082	way/442796765	house	43.0709291	-89.4355137
1083	way/447801241	yes	43.0692518	-89.435254
1084	way/447801242	house	43.0713151	-89.4332692
1085	way/447801243	house	43.0713126	-89.4331252
1086	way/447801244	yes	43.0692333	-89.4344269
1087	way/447801245	house	43.0705026	-89.4350266
1088	way/447801246	house	43.07134	-89.434182
1089	way/447801247	house	43.0696681	-89.4350459
1090	way/447801248	house	43.0708857	-89.4345935
1091	way/447801249	house	43.0708501	-89.434324
1092	way/447801250	house	43.0711314	-89.4341001
1093	way/447801251	yes	43.0692251	-89.4356314
1094	way/447801252	house	43.0700774	-89.4352499
1095	way/447801253	house	43.0710369	-89.4341026
1096	way/447801254	house	43.0700697	-89.4340981
1097	way/447801255	house	43.0708673	-89.4326417
1098	way/447801256	house	43.0708614	-89.4329513
1099	way/447801257	house	43.0713246	-89.4344887
1100	way/447801258	house	43.0713175	-89.4321247
1101	way/447801259	house	43.0700696	-89.4357025
1102	way/447801260	yes	43.0691746	-89.4354817
1103	way/447801261	house	43.0696685	-89.4354676
1104	way/447801262	house	43.0708444	-89.4344776
1105	way/447801263	house	43.0705191	-89.4355004
1106	way/447801264	house	43.0713178	-89.4334472
1107	way/447801265	yes	43.0692246	-89.4345687
1108	way/447801266	house	43.0700921	-89.4344376
1109	way/447801267	house	43.0700593	-89.4350735
1110	way/447801268	house	43.0708579	-89.4320717
1111	way/447801271	house	43.0713077	-89.4324553
1112	way/447801272	house	43.070507	-89.4346364
1113	way/447801273	house	43.0713297	-89.4319799
1114	way/447801274	house	43.0713336	-89.4346326
1115	way/447801275	yes	43.0710147	-89.431658
1116	way/447801276	yes	43.0699362	-89.4360063
1117	way/447801277	yes	43.0711661	-89.4332177
1118	way/447801278	house	43.0713318	-89.4359655
1119	way/447801279	house	43.0708818	-89.4316503
1120	way/447801280	house	43.0713248	-89.4343141
1121	way/447801281	house	43.0713195	-89.4356803
1122	way/447801282	yes	43.071193	-89.4317533
1123	way/447801283	yes	43.0709447	-89.4328315
1124	way/447801284	house	43.0713214	-89.4355298
1125	way/447801285	house	43.0709026	-89.4336034
1126	way/447801286	yes	43.0709413	-89.4328048
1127	way/447801287	house	43.0713186	-89.4351946
1128	way/447801288	yes	43.0693808	-89.4340858
1129	way/447801289	yes	43.0711847	-89.4356948
1130	way/447801290	yes	43.0711935	-89.435039
1131	way/447801291	yes	43.0709604	-89.4332975
1132	way/447801292	house	43.0713332	-89.4347598
1133	way/447801296	yes	43.0697664	-89.4357896
1134	way/447801297	yes	43.0711676	-89.4353441
1135	way/447801298	yes	43.0696516	-89.4360876
1136	way/447801299	yes	43.070962	-89.4333212
1137	way/447801300	house	43.0709334	-89.4323172
1138	way/447801301	house	43.0705059	-89.4343006
1139	way/447801302	house	43.0708589	-89.4332835
1140	way/447801303	house	43.0713214	-89.4336093
1141	way/447801304	yes	43.071244	-89.4317057
1142	way/447801305	house	43.0713034	-89.4329711
1143	way/447801306	yes	43.0703385	-89.4360538
1144	way/447801307	house	43.070515	-89.4351945
1145	way/447801308	yes	43.0692324	-89.4360451
1146	way/447801309	house	43.0709003	-89.4334301
1147	way/447801310	house	43.0713341	-89.4349277
1148	way/447801311	yes	43.0695568	-89.4341353
1149	way/447801312	house	43.0705138	-89.4353427
1150	way/447801313	house	43.0696674	-89.4348207
1151	way/447801314	house	43.0696635	-89.4346048
1152	way/447801315	house	43.0705161	-89.4360683
1153	way/447801316	yes	43.0711441	-89.4316697
1154	way/447801317	house	43.0705119	-89.4348059
1155	way/447801318	yes	43.0698153	-89.436072
1156	way/447801319	house	43.0709119	-89.434925
1157	way/447801320	house	43.0713066	-89.4322912
1158	way/447801321	yes	43.0694055	-89.4360307
1159	way/447801322	house	43.0708888	-89.4324607
1160	way/447801323	house	43.0700847	-89.4346222
1161	way/447801324	house	43.071318	-89.435064
1162	way/447801325	house	43.0709045	-89.4331196
1163	way/447801326	house	43.0705096	-89.4344964
1164	way/447801327	yes	43.0701704	-89.4360436
1165	way/447801328	yes	43.0692269	-89.4347745
1166	way/447801329	house	43.0704992	-89.4340605
1167	way/447801330	house	43.071317	-89.4327913
1168	way/447801331	house	43.0713116	-89.4326364
1169	way/447801332	yes	43.0692246	-89.4340925
1170	way/447801333	house	43.0713366	-89.4358269
1171	way/447801334	house	43.0696779	-89.4341792
1172	way/447801335	house	43.0708595	-89.4347486
1173	way/447801336	yes	43.0692496	-89.4350125
1174	way/447801337	house	43.0704982	-89.4355657
1175	way/447801338	house	43.0713204	-89.4339929
1176	way/447801339	house	43.070247	-89.4340612
1177	way/447801340	house	43.0696507	-89.4352552
1178	way/447801341	house	43.07134	-89.4317023
1179	way/447801342	house	43.0713209	-89.4353776
1180	way/447801343	house	43.0708585	-89.4340699
1181	way/447801994	house	43.0684188	-89.4333213
1182	way/447801995	house	43.0704803	-89.4326451
1183	way/447801996	yes	43.069278	-89.4331405
1184	way/447801997	yes	43.0701296	-89.4317473
1185	way/447801998	yes	43.0688574	-89.4324783
1186	way/447801999	yes	43.0696659	-89.4331391
1187	way/447802000	house	43.0683987	-89.4320017
1188	way/447802002	yes	43.0696681	-89.4326392
1189	way/447802003	yes	43.0692219	-89.4329872
1190	way/447802004	yes	43.0688655	-89.4329706
1191	way/447802005	house	43.0704733	-89.4327943
1192	way/447802006	house	43.0704784	-89.4323133
1193	way/447802007	yes	43.0702241	-89.4318359
1194	way/447802008	house	43.0704935	-89.4335016
1195	way/447802009	yes	43.0692165	-89.4321491
1196	way/447802010	house	43.0700741	-89.4316649
1197	way/447802012	yes	43.0693068	-89.4320595
1198	way/447802013	yes	43.0687225	-89.4324007
1199	way/447802014	yes	43.0702599	-89.4318399
1200	way/447802015	yes	43.0695751	-89.4332092
1201	way/447802016	yes	43.0701874	-89.4334184
1202	way/447802017	house	43.0704676	-89.4329711
1203	way/447802018	house	43.0704764	-89.4324823
1204	way/447802019	yes	43.0692284	-89.4323976
1205	way/447802022	yes	43.0685831	-89.4334098
1206	way/447802023	house	43.0683969	-89.4321295
1207	way/447802024	yes	43.0692635	-89.4323327
1208	way/447802025	house	43.0700318	-89.433301
1209	way/447802026	house	43.068395	-89.4336335
1210	way/447802027	yes	43.069571	-89.4330519
1211	way/447802028	house	43.0684021	-89.4329854
1212	way/447802029	yes	43.0687078	-89.4329988
1213	way/447802030	yes	43.0692978	-89.4335451
1214	way/447802031	yes	43.0692933	-89.4334882
1215	way/447802032	yes	43.0687195	-89.4330142
1216	way/447802033	yes	43.0685585	-89.4335025
1217	way/447802035	yes	43.0694599	-89.4320049
1218	way/447802036	yes	43.0696868	-89.4329665
1219	way/447802037	house	43.0704975	-89.4334459
1220	way/447802038	house	43.0684109	-89.4331544
1221	way/447802039	house	43.0705004	-89.4315853
1222	way/447802041	house	43.0700203	-89.4322812
1223	way/447802042	yes	43.068859	-89.4323191
1224	way/447802043	yes	43.0692459	-89.4326406
1225	way/447802044	house	43.0700216	-89.4318394
1226	way/447802045	yes	43.069701	-89.4332783
1227	way/447802046	yes	43.0688004	-89.4334669
1228	way/447802047	house	43.0700218	-89.4321363
1229	way/447802048	house	43.0700261	-89.4319903
1230	way/447802049	house	43.0684292	-89.432788
1231	way/447802050	yes	43.0696695	-89.4324816
1232	way/447802051	house	43.070098	-89.4335096
1233	way/447802052	house	43.0704826	-89.4319927
1234	way/447802053	yes	43.0686901	-89.4335996
1235	way/447802054	house	43.0700424	-89.4331522
1236	way/447802055	yes	43.0688753	-89.4333059
1237	way/447802056	yes	43.0687996	-89.4336597
1238	way/447802057	yes	43.0692204	-89.4334653
1239	way/447802058	house	43.0700497	-89.4326493
1240	way/447802059	yes	43.0688719	-89.4331443
1241	way/447802060	house	43.070089	-89.4328048
1242	way/447802061	house	43.0704989	-89.4331361
1243	way/447802062	house	43.0704926	-89.4332931
1244	way/447802063	yes	43.0703767	-89.4316907
1245	way/447802064	house	43.0704766	-89.4321574
1246	way/447802065	house	43.0700301	-89.4334607
1247	way/447802066	house	43.0700662	-89.4324798
1248	way/447802067	yes	43.0696588	-89.432137
1249	way/447802068	house	43.0700429	-89.4329812
1250	way/447802069	yes	43.0688589	-89.4328129
1251	way/447802070	house	43.0683949	-89.4326657
1252	way/447802071	yes	43.0696784	-89.4336363
1253	way/447802072	yes	43.0696726	-89.4334814
1254	way/447802073	yes	43.0692733	-89.4336271
1255	way/447802074	yes	43.0696843	-89.4328022
1256	way/447802119	house	43.0687266	-89.4340809
1257	way/447802120	house	43.0688628	-89.4350063
1258	way/447802121	yes	43.0684484	-89.4341346
1259	way/447802122	house	43.0683008	-89.4347404
1260	way/447802123	house	43.0682434	-89.4357738
1261	way/447802124	house	43.0688682	-89.4346797
1262	way/447802125	house	43.0687801	-89.43417
1263	way/447802126	house	43.068881	-89.4354277
1264	way/447802127	house	43.0688813	-89.4356115
1265	way/447802128	house	43.0683465	-89.4349593
1266	way/447802129	house	43.0688795	-89.4357962
1267	way/447802130	house	43.0683026	-89.435216
1268	way/447802131	yes	43.0683137	-89.4359223
1269	way/447802133	yes	43.0683514	-89.4342204
1270	way/447802134	yes	43.0682338	-89.4340749
1271	way/447802135	yes	43.0685811	-89.4341929
1272	way/447802136	yes	43.0687217	-89.4347481
1273	way/447802137	yes	43.068344	-89.4340729
1274	way/447802138	yes	43.068428	-89.4354392
1275	way/447802139	yes	43.0687167	-89.4359732
1276	way/447802140	house	43.0688605	-89.4348517
1277	way/447802141	yes	43.068443	-89.4354555
1278	way/447802142	house	43.0682093	-89.4360704
1279	way/447802143	yes	43.0685748	-89.4360725
1280	way/447802144	house	43.0685567	-89.4340921
1281	way/447802145	yes	43.0682475	-89.4343002
1282	way/447802146	yes	43.0683303	-89.4344591
1283	way/447802147	house	43.0688486	-89.4344748
1284	way/447802148	house	43.0682941	-89.4354099
1285	way/447802149	house	43.0688853	-89.4360725
1286	way/447802150	yes	43.0684366	-89.4360745
1287	way/447802151	house	43.0682726	-89.4355939
1288	way/447802152	house	43.0688742	-89.4352237
1289	way/448033921	yes	43.0710729	-89.4269208
1290	way/448033922	yes	43.0708501	-89.4261215
1291	way/448033923	yes	43.0708638	-89.4257483
1292	way/448033924	yes	43.0708246	-89.426338
1293	way/448033926	yes	43.0713616	-89.4257251
1294	way/448033927	yes	43.0712917	-89.4261556
1295	way/448033928	yes	43.0711793	-89.4257443
1296	way/448033930	yes	43.0708933	-89.4259445
1297	way/448033931	yes	43.0712637	-89.4265425
1298	way/448033932	yes	43.0710425	-89.4257866
1299	way/448033933	yes	43.0708434	-89.4265605
1300	way/448033934	yes	43.0708056	-89.4269743
1301	way/448033936	yes	43.0712509	-89.4267909
1302	way/448033937	yes	43.0709731	-89.4262849
1303	way/448033938	house	43.0712935	-89.4262709
1304	way/448229106	yes	43.07043	-89.4269438
1305	way/448229107	yes	43.0701253	-89.4268287
1306	way/448229108	yes	43.0707905	-89.4267795
1307	way/448229109	yes	43.0704333	-89.4267476
1308	way/448229110	yes	43.0703712	-89.4265824
1309	way/448229111	house	43.0698385	-89.4269456
1310	way/453179419	yes	43.0705146	-89.4258299
1311	way/453179421	house	43.0698111	-89.4265675
1312	way/453179423	yes	43.0705098	-89.4256577
1313	way/453179426	yes	43.0705442	-89.4254482
1314	way/453179429	yes	43.0702727	-89.4258253
1315	way/453179432	yes	43.0702035	-89.4253833
1316	way/453179434	yes	43.0704484	-89.4265272
1317	way/453179436	yes	43.0703726	-89.4265647
1318	way/453179438	house	43.0698949	-89.4262181
1319	way/453179440	yes	43.0704649	-89.4263316
1320	way/453179442	yes	43.0703941	-89.4251969
1321	way/453179444	yes	43.0703446	-89.4262684
1322	way/453179446	yes	43.0701441	-89.4255653
1323	way/453179448	yes	43.0702976	-89.4252197
1324	way/453179450	house	43.0698131	-89.4267425
1325	way/453179455	yes	43.0705307	-89.4251978
1326	way/453179457	yes	43.0701315	-89.4252528
1327	way/453179459	house	43.0697969	-89.4256461
1328	way/453179462	yes	43.0701291	-89.4258232
1329	way/453179464	house	43.0698151	-89.4254088
1330	way/453179467	house	43.0698018	-89.4252063
1331	way/453179471	house	43.0698146	-89.4258873
1332	way/453187961	house	43.0693537	-89.4180235
1333	way/453187962	house	43.0693689	-89.4174689
1334	way/453187963	house	43.0689677	-89.4177076
1335	way/453187964	house	43.0689572	-89.4185895
1336	way/453187966	apartments	43.0693542	-89.4184017
1337	way/453187967	house	43.0689595	-89.4174576
1338	way/453187968	house	43.0689574	-89.4181627
1339	way/453187969	house	43.0693956	-89.4187649
1340	way/453187970	house	43.0689538	-89.4183288
1341	way/453187971	yes	43.0691749	-89.4180302
1342	way/453187972	yes	43.0689605	-89.4171433
1343	way/453187973	yes	43.0691665	-89.4181228
1344	way/453187974	yes	43.0690912	-89.4179577
1345	way/453187975	yes	43.0691764	-89.4177331
1346	way/453187976	yes	43.069058	-89.4177304
1347	way/453187977	yes	43.069028	-89.4173791
1348	way/453187978	house	43.0692115	-89.4170628
1349	way/453187979	yes	43.0692626	-89.4172865
1350	way/453187980	yes	43.0691733	-89.4176114
1351	way/453187981	house	43.0693939	-89.4185928
1352	way/453187982	yes	43.0692495	-89.4173346
1353	way/453187984	yes	43.0690135	-89.4186399
1354	way/453187985	house	43.0693523	-89.4178397
1355	way/453187986	house	43.0693634	-89.4171562
1356	way/453187987	house	43.0689536	-89.4179319
1357	way/453187988	house	43.0694302	-89.4190284
1358	way/453187989	house	43.0693706	-89.4176429
1359	way/453187990	house	43.0693552	-89.4182085
1360	way/453187991	house	43.0688925	-89.4172646
1361	way/453187992	yes	43.0690831	-89.4170406
1362	way/453419608	house	43.0692998	-89.419532
1363	way/453419609	house	43.0689604	-89.4197268
1364	way/453419610	house	43.0690453	-89.4192858
1365	way/453419612	house	43.069381	-89.4198056
1366	way/453618530	yes	43.0707239	-89.4181989
1367	way/453618531	yes	43.0702074	-89.4197408
1368	way/453618532	yes	43.070367	-89.4196467
1369	way/453618533	yes	43.0706481	-89.419232
1370	way/453618534	yes	43.0698295	-89.4192169
1371	way/453618535	house	43.0697421	-89.4196201
1372	way/453618537	yes	43.069836	-89.4189984
1373	way/453618539	yes	43.070752	-89.4190704
1374	way/453618540	yes	43.0704453	-89.418961
1375	way/453618541	yes	43.0703767	-89.4191374
1376	way/453618542	yes	43.0700075	-89.418921
1377	way/453618543	yes	43.0697732	-89.4193613
1378	way/453618544	yes	43.0701926	-89.4187511
1379	way/453618545	yes	43.0702793	-89.4186707
1380	way/453618546	yes	43.0705384	-89.419356
1381	way/453618547	detached	43.0699424	-89.4197633
1382	way/453851063	yes	43.071343	-89.4179258
1383	way/453851064	yes	43.0714192	-89.4188251
1384	way/453851066	yes	43.0709175	-89.4195512
1385	way/453851068	yes	43.071404	-89.4176207
1386	way/453851070	yes	43.0708032	-89.419751
1387	way/453851073	yes	43.0711913	-89.4184458
1388	way/453851075	yes	43.0707099	-89.4199409
1389	way/453851078	yes	43.0710891	-89.4202716
1390	way/453851080	yes	43.0715461	-89.4172426
1391	way/453851083	yes	43.0714236	-89.4193991
1392	way/453851085	yes	43.0710856	-89.4172795
1393	way/453851087	yes	43.0715715	-89.4170642
1394	way/453851089	yes	43.0712997	-89.4170066
1395	way/453851091	yes	43.0711601	-89.4168959
1396	way/453851093	yes	43.071067	-89.4176181
1397	way/453851095	yes	43.0713727	-89.4172795
1398	way/453851097	yes	43.0713252	-89.4173734
1399	way/453851099	yes	43.0710905	-89.4191322
1400	way/453851101	yes	43.0710523	-89.4178837
1401	way/453851103	yes	43.0709042	-89.4177626
1402	way/453851105	yes	43.0710476	-89.4194382
1403	way/453851107	yes	43.071428	-89.4191651
1404	way/453851109	yes	43.0712532	-89.4198811
1405	way/454389625	yes	43.0701962	-89.4202535
1406	way/454389626	house	43.0698292	-89.4208448
1407	way/454389627	house	43.0698618	-89.420884
1408	way/454389628	yes	43.0700192	-89.4203819
1409	way/454389629	house	43.0697652	-89.42064
1410	way/454389630	house	43.0697589	-89.4203563
1411	way/454389631	yes	43.0701003	-89.4204989
1412	way/454389632	house	43.0701524	-89.4209136
1413	way/454389633	yes	43.0702001	-89.4206803
1414	way/454389634	house	43.0698619	-89.4201941
1415	way/454389715	house	43.0697885	-89.4218403
1416	way/454407433	house	43.0693852	-89.4199702
1417	way/454407434	house	43.0690392	-89.4201418
1418	way/454526230	yes	43.0702297	-89.4170942
1419	way/454526232	yes	43.0697905	-89.4185504
1420	way/454526234	house	43.0697217	-89.4171096
1421	way/454526236	yes	43.0706123	-89.4173041
1422	way/454526238	yes	43.0700578	-89.4170868
1423	way/454526239	yes	43.0705901	-89.4170166
1424	way/454526241	yes	43.0707946	-89.4169084
1425	way/454526242	yes	43.0704663	-89.4175529
1426	way/454526244	yes	43.0699143	-89.4177386
1427	way/454526246	yes	43.0697404	-89.418161
1428	way/454526247	yes	43.0704594	-89.4176645
1429	way/454526249	yes	43.0699974	-89.4182864
1430	way/454526250	yes	43.0701151	-89.418153
1431	way/454526252	yes	43.069804	-89.4177172
1432	way/454526254	yes	43.0697683	-89.4183668
1433	way/454526255	yes	43.0697673	-89.4174943
1434	way/454526257	yes	43.0697917	-89.4170907
1435	way/454526259	yes	43.0697688	-89.4179525
1436	way/454526260	yes	43.0702915	-89.4170951
1437	way/454527040	yes	43.0718178	-89.4178912
1438	way/454527041	yes	43.0717874	-89.4184729
1439	way/454527042	yes	43.0722487	-89.4184182
1440	way/454527043	yes	43.0722386	-89.4179592
1441	way/454527044	yes	43.0721572	-89.4181108
1442	way/454527045	yes	43.0720211	-89.4177406
1443	way/454527046	yes	43.0718305	-89.4201546
1444	way/454527047	yes	43.07187	-89.4188402
1445	way/454527048	yes	43.0721803	-89.4187716
1446	way/454527049	yes	43.0720142	-89.4186224
1447	way/454527050	yes	43.071831	-89.4195645
1448	way/454527051	yes	43.0720799	-89.4182878
1449	way/454527052	yes	43.0720407	-89.4185721
1450	way/454527053	yes	43.0722696	-89.4182673
1451	way/454527054	yes	43.0720053	-89.4201054
1452	way/454527056	yes	43.0720942	-89.4191628
1453	way/454527057	yes	43.0720629	-89.4198593
1454	way/454527058	yes	43.0717703	-89.4192232
1455	way/454527059	yes	43.0717537	-89.4182263
1456	way/454527060	yes	43.0722029	-89.4185716
1457	way/454527061	yes	43.072121	-89.4189597
1458	way/454775126	yes	43.0712083	-89.4226018
1459	way/454775127	yes	43.0711364	-89.4232726
1460	way/454775128	house	43.0715056	-89.4216874
1461	way/454775129	yes	43.0717559	-89.4202662
1462	way/454775130	yes	43.0711515	-89.4230368
1463	way/454775131	yes	43.0718962	-89.4212072
1464	way/454775132	yes	43.071744	-89.4221753
1465	way/454775133	yes	43.0713699	-89.4236026
1466	way/454775134	yes	43.0714626	-89.4234184
1467	way/454775135	yes	43.0716578	-89.4229188
1468	way/454775136	yes	43.0712444	-89.4235742
1469	way/454775137	yes	43.0715879	-89.422505
1470	way/454775138	yes	43.0711711	-89.4228604
1471	way/454775139	yes	43.0716403	-89.4230643
1472	way/454775140	yes	43.0710696	-89.4235025
1473	way/454775141	yes	43.0715656	-89.4234208
1474	way/454775142	house	43.0717985	-89.4218848
1475	way/454775143	yes	43.0712759	-89.4229965
1476	way/454775144	yes	43.07144	-89.4210721
1477	way/454775145	yes	43.0719024	-89.4206597
1478	way/454775146	house	43.0716531	-89.4227625
1479	way/454775147	yes	43.0713082	-89.4221852
1480	way/454775148	yes	43.0713651	-89.4233808
1481	way/454775149	yes	43.071465	-89.4224749
1482	way/454775150	yes	43.0715433	-89.4235806
1483	way/454775151	yes	43.0712741	-89.4223771
1484	way/454775152	yes	43.0715264	-89.4208645
1485	way/454775153	house	43.0718343	-89.4216347
1486	way/454775154	house	43.0716801	-89.4216497
1487	way/454775155	house	43.0713626	-89.4214456
1488	way/454775156	yes	43.0717404	-89.4222502
1489	way/454775157	yes	43.0715475	-89.4206423
1490	way/454775158	yes	43.0715938	-89.4232158
1491	way/454775159	yes	43.0717667	-89.4220095
1492	way/454775160	yes	43.0715796	-89.4204444
1493	way/454775161	yes	43.0712942	-89.4219488
1494	way/454775355	yes	43.0709846	-89.4251775
1495	way/454775356	yes	43.0714534	-89.4245251
1496	way/454775357	yes	43.0710011	-89.4242505
1497	way/454775358	yes	43.0714057	-89.4250397
1498	way/454775359	yes	43.0710261	-89.4241566
1499	way/454775360	yes	43.0714798	-89.4244289
1500	way/454775361	yes	43.0709818	-89.4243814
1501	way/454775362	yes	43.0714151	-89.4248542
1502	way/454775363	yes	43.0713249	-89.4241117
1503	way/454775364	yes	43.0709653	-89.4250169
1504	way/454775365	yes	43.0709697	-89.4248117
1505	way/454775366	yes	43.0710507	-89.4244102
1506	way/454775367	yes	43.0711691	-89.4240735
1507	way/454775368	yes	43.0713871	-89.425322
1508	way/454775369	yes	43.0714047	-89.4240667
1509	way/454775370	yes	43.070983	-89.4240442
1510	way/454991611	house	43.0693457	-89.4233034
1511	way/454991612	house	43.0686046	-89.4209933
1512	way/454991613	house	43.0685753	-89.4233887
1513	way/454991614	house	43.0685685	-89.4219251
1514	way/454991615	yes	43.0701176	-89.4246727
1515	way/454991616	house	43.0689779	-89.4205843
1516	way/454991617	yes	43.0707644	-89.4231884
1517	way/454991618	house	43.069387	-89.4229856
1518	way/454991619	house	43.0685457	-89.4197469
1519	way/454991620	house	43.0693747	-89.4216594
1520	way/454991621	yes	43.0692666	-89.4216058
1521	way/454991622	yes	43.0681424	-89.4205584
1522	way/454991623	yes	43.0708935	-89.4222635
1523	way/454991624	house	43.0681341	-89.4220021
1524	way/454991625	house	43.0681643	-89.4217841
1525	way/454991626	yes	43.0689691	-89.4229177
1526	way/454991627	house	43.0690205	-89.4233926
1527	way/454991628	house	43.0684399	-89.4210112
1528	way/454991629	yes	43.0689848	-89.4226922
1529	way/454991630	house	43.0689915	-89.4231576
1530	way/454991631	house	43.0685539	-89.423179
1531	way/454991632	yes	43.0706524	-89.4244496
1532	way/454991633	house	43.0693752	-89.422661
1533	way/454991634	yes	43.0707234	-89.4234813
1534	way/454991635	house	43.0694129	-89.4235662
1535	way/454991636	house	43.0680854	-89.4191448
1536	way/454991637	yes	43.0698288	-89.4243103
1537	way/454991638	house	43.0685395	-89.4206448
1538	way/454991639	house	43.0699812	-89.4229481
1539	way/454991640	yes	43.0709573	-89.4219013
1540	way/454991641	yes	43.070632	-89.424653
1541	way/454991642	house	43.0698696	-89.4224435
1542	way/454991643	yes	43.0705782	-89.4242191
1543	way/454991644	yes	43.0706853	-89.4240705
1544	way/454991646	yes	43.0699687	-89.4246599
1545	way/454991647	yes	43.0691312	-89.4236125
1546	way/454991649	yes	43.0701145	-89.4234994
1547	way/454991650	house	43.0690024	-89.4221541
1548	way/454991651	yes	43.0700111	-89.4233166
1549	way/454991652	house	43.0681158	-89.4208107
1550	way/454991654	yes	43.0705599	-89.4229359
1551	way/454991655	house	43.0685643	-89.422684
1552	way/454991656	yes	43.0702742	-89.4246904
1553	way/454991657	house	43.0685672	-89.422492
1554	way/454991659	house	43.068163	-89.4225707
1555	way/454991661	yes	43.0682233	-89.4196713
1556	way/454991662	yes	43.0701777	-89.4235068
1557	way/454991663	yes	43.0698166	-89.4244916
1558	way/454991664	yes	43.0689459	-89.4213968
1559	way/454991665	house	43.0681393	-89.4222208
1560	way/454991666	house	43.0685831	-89.4222292
1561	way/454991668	yes	43.0691832	-89.420414
1562	way/454991670	yes	43.0706925	-89.4230372
1563	way/454991672	yes	43.0681388	-89.4192982
1564	way/454991673	house	43.069409	-89.4219623
1565	way/454991675	yes	43.0683881	-89.4234368
1566	way/454991676	yes	43.0682443	-89.4208361
1567	way/454991677	house	43.0694217	-89.4222124
1568	way/454991678	yes	43.0681403	-89.4191963
1569	way/454991679	house	43.0681769	-89.4209041
1570	way/454991680	house	43.0710069	-89.4215514
1571	way/454991681	house	43.0706202	-89.4215365
1572	way/454991682	yes	43.0705074	-89.4235475
1573	way/454991683	house	43.0685417	-89.4204076
1574	way/454991684	house	43.0708784	-89.4214988
1575	way/454991685	yes	43.0707871	-89.4229295
1576	way/454991686	yes	43.0706784	-89.4241988
1577	way/454991687	yes	43.0704427	-89.423001
1578	way/454991688	house	43.0681586	-89.4229553
1579	way/454991689	yes	43.069797	-89.4240416
1580	way/454991690	yes	43.0698181	-89.4247124
1581	way/454991691	yes	43.0684307	-89.4191272
1582	way/454991692	yes	43.0699049	-89.4240904
1583	way/454991693	yes	43.0690939	-89.421396
1584	way/454991694	house	43.0693785	-89.4203907
1585	way/454991695	yes	43.0701767	-89.4223775
1586	way/454991696	yes	43.0681993	-89.4195477
1587	way/454991697	yes	43.0682877	-89.4207466
1588	way/454991698	house	43.0694247	-89.4210235
1589	way/454991699	yes	43.0704189	-89.4222227
1590	way/454991700	yes	43.0701088	-89.4241335
1591	way/454991701	house	43.0689823	-89.4219588
1592	way/454991702	yes	43.0702479	-89.4241014
1593	way/454991703	house	43.0684199	-89.4201718
1594	way/454991704	yes	43.0681466	-89.4201411
1595	way/454991705	yes	43.0705668	-89.4223284
1596	way/454991706	house	43.0699204	-89.4233484
1597	way/454991707	yes	43.0681249	-89.4199105
1598	way/454991708	yes	43.0705237	-89.4219646
1599	way/454991709	house	43.0681513	-89.4227552
1600	way/454991710	house	43.0681739	-89.423068
1601	way/454991711	house	43.069387	-89.4206051
1602	way/454991712	house	43.0689515	-89.4210094
1603	way/454991713	yes	43.0705446	-89.421778
1604	way/454991714	house	43.0685723	-89.41904
1605	way/454991715	house	43.0685585	-89.4215974
1606	way/454991716	yes	43.070871	-89.4224605
1607	way/454991717	house	43.0689937	-89.4236163
1608	way/454991718	yes	43.0704364	-89.4235024
1609	way/454991719	yes	43.0702326	-89.4230398
1610	way/454991720	house	43.0685514	-89.4229034
1611	way/454991721	house	43.0681549	-89.4223988
1612	way/454991722	house	43.0685353	-89.4194778
1613	way/484383229	university	43.073948	-89.3982949
1614	way/490171328	university	43.0763444	-89.4190687
1615	way/565832280	yes	43.0769007	-89.3992928
1616	way/565832283	yes	43.0768248	-89.3999683
1617	way/566005522	yes	43.0689809	-89.4144329
1618	way/574873479	yes	43.0725735	-89.4243298
1619	way/603809893	apartments	43.0710949	-89.4026283
1620	way/658558855	retail	43.0681494	-89.4235718
1621	way/664869942	yes	43.0762027	-89.4275777
1622	way/664877303	yes	43.0748184	-89.4294249
1623	way/673792364	yes	43.0706498	-89.4182894
1624	way/673792365	detached	43.0701291	-89.4197851
1625	way/676434244	house	43.0770143	-89.4349255
1626	way/676434268	yes	43.0760659	-89.4362019
1627	way/676434277	house	43.0763697	-89.436248
1628	way/676434278	house	43.0771767	-89.4357259
1629	way/676434279	house	43.0774378	-89.4360562
1630	way/676434299	yes	43.0786791	-89.4360053
1631	way/676434300	yes	43.0761079	-89.436102
1632	way/676434343	house	43.0773076	-89.4353715
1633	way/676434344	house	43.0788327	-89.4362626
1634	way/676434348	house	43.0766107	-89.4362527
1635	way/676434352	house	43.0777555	-89.436155
1636	way/676434364	house	43.0776395	-89.4352745
1637	way/676434371	house	43.0785866	-89.4361548
1638	way/676434388	house	43.0769439	-89.4360919
1639	way/676434404	house	43.0767774	-89.4362504
1640	way/683560763	yes	43.0738203	-89.4194592
1641	way/720057188	yes	43.0696499	-89.4102539
1642	way/724816379	yes	43.0776226	-89.4106464
1643	way/759447765	yes	43.071164	-89.405346
1644	way/870590630	hospital	43.0751986	-89.4314501
1645	way/870590639	hospital	43.0759808	-89.4312729
1646	way/870590646	yes	43.0746889	-89.4326853
1647	way/875169642	yes	43.0811563	-89.4303173
1648	way/875169643	yes	43.0811577	-89.4305256
1649	way/877372513	yes	43.0741793	-89.4291917
1650	way/901811790	apartments	43.0710955	-89.4021758
1651	way/901811791	apartments	43.0711019	-89.4023086
1652	way/901811792	apartments	43.0711749	-89.4020055
1653	way/901811793	apartments	43.0712745	-89.401872
1654	way/901811795	apartments	43.0713047	-89.4021262
1655	way/901811796	yes	43.0714845	-89.4019438
1656	way/901811797	yes	43.0715129	-89.4018513
1657	way/901811805	yes	43.0750432	-89.414454
1658	way/904814930	yes	43.0769112	-89.4355901
1659	way/904814937	yes	43.071905	-89.4300758
1660	way/905240258	yes	43.06977	-89.415281
1661	way/906708755	yes	43.0734871	-89.4202264
1662	way/906708756	yes	43.0733583	-89.4203609
1663	way/906708757	yes	43.0732986	-89.4201654
1664	way/906708776	yes	43.0770197	-89.4351355
1665	way/906708777	yes	43.0768632	-89.4348089
1666	way/906708778	yes	43.076512	-89.4345615
1667	way/906708781	yes	43.0783807	-89.4359659
1668	way/906708782	yes	43.078117	-89.4358112
1669	way/906708783	yes	43.0778694	-89.4357185
1670	way/906708784	yes	43.0778347	-89.4353645
1671	way/907777252	yes	43.0756555	-89.4190782
1672	way/916478127	yes	43.0725313	-89.4193085
1673	way/939109261	house	43.0691521	-89.420954
1674	way/954433495	apartments	43.0725925	-89.4311508
1675	way/958528165	yes	43.0681268	-89.4018811
1676	way/958528167	house	43.0711908	-89.4013487
1677	way/958528169	yes	43.071242	-89.4011546
1678	way/958528170	yes	43.0714818	-89.4012894
1679	way/958528171	yes	43.0715092	-89.4015017
1680	way/958528173	yes	43.0689373	-89.4021058
1681	way/958528175	yes	43.0691178	-89.4031937
1682	way/958528176	yes	43.0691383	-89.4033483
1683	way/958528177	yes	43.0692473	-89.4034921
1684	way/958539415	yes	43.0711161	-89.4265565
1685	way/958539416	yes	43.0710402	-89.42624
1686	way/958539417	yes	43.0711269	-89.4260891
1687	way/958539418	yes	43.0711984	-89.4251798
1688	way/958539419	yes	43.0720013	-89.425094
1689	way/958539420	yes	43.0692204	-89.4217804
1690	way/958539422	yes	43.0721433	-89.4230552
1691	way/958539423	yes	43.0712919	-89.4233738
1692	way/958539424	yes	43.0713353	-89.4234592
1693	way/958539425	yes	43.0713772	-89.4227812
1694	way/958539426	yes	43.0713733	-89.4227866
1695	way/958539427	yes	43.0713187	-89.4217037
1696	way/958539428	yes	43.0716128	-89.4219994
1697	way/958539429	yes	43.0715349	-89.4221301
1698	way/958539430	yes	43.0700373	-89.4225199
1699	way/958539431	yes	43.0704605	-89.4233713
1700	way/958539432	yes	43.0705371	-89.4232875
1701	way/958539433	yes	43.0701996	-89.4231128
1702	way/958539434	yes	43.0703059	-89.4244392
1703	way/958539435	yes	43.0703747	-89.4244097
1704	way/958539436	yes	43.0704129	-89.4239426
1705	way/958539437	yes	43.0699757	-89.4244121
1706	way/958539438	yes	43.0704122	-89.4253159
1707	way/958539439	yes	43.0699674	-89.4257853
1708	way/989760824	yes	43.073713	-89.4042358
1709	way/1000408881	yes	43.0686313	-89.397855
1710	way/102234273	commercial	43.0683927	-89.3988452
1711	way/102316446	apartments	43.075521	-89.3972139
1712	way/102376943	yes	43.074436	-89.3972708
1713	way/102755350	retail	43.0681012	-89.4044441
1714	way/108065764	yes	43.0748533	-89.4361496
1715	way/153630414	dormitory	43.0717283	-89.3972438
1716	way/163535154	apartments	43.0681799	-89.4017131
1717	way/377738357	yes	43.0682394	-89.4065273
1718	way/387711108	house	43.0681426	-89.4247699
1719	way/387711111	yes	43.0681463	-89.4251784
1720	way/387711116	yes	43.068218	-89.4245702
1721	way/387711121	house	43.068139	-89.4244
1722	way/391309072	residential	43.075616	-89.4362321
1723	way/415152476	apartments	43.0752392	-89.3972288
1724	way/658558859	retail	43.0681713	-89.423218
1725	way/676434326	house	43.077601	-89.4361728
1726	way/676434377	house	43.0771146	-89.4361565
1727	way/676434390	house	43.0772727	-89.4361581
